time,seconds_elapsed,z,y,x
1790621021737735000,0.10473486328125,-0.26935672760009766,-0.17363089323043823,-0.06334708631038666
1790621021756108300,0.1231083984375,-0.024080276489257812,-0.10374492406845093,-0.07445342093706131
1790621021774462500,0.14146240234375,0.22057151794433594,-0.032708942890167236,-0.04224690794944763
1790621021792817200,0.159817138671875,0.34412384033203125,-0.06964793801307678,0.07870077341794968
1790621021811177700,0.178177734375,0.27481937408447266,-0.07330244779586792,0.043155230581760406
1790621021829531400,0.196531494140625,-0.03481101989746094,-0.04257082939147949,-0.07434448599815369
1790621021847890400,0.214890380859375,-0.3221311569213867,0.0013377070426940918,0.015616092830896378
1790621021866254600,0.233254638671875,-0.42879199981689453,0.13272172212600708,0.15057319402694702
1790621021884613600,0.251613525390625,-0.31924915313720703,0.1225934624671936,0.07349005341529846
1790621021902966800,0.269966796875,-0.18637371063232422,0.019072890281677246,0.0019052699208259583
1790621021921331700,0.288331787109375,-0.06973743438720703,-0.06089913845062256,-0.11402088403701782
1790621021939682800,0.306682861328125,-0.0029964447021484375,-0.136348694562912,-0.1616106629371643
1790621021958041600,0.32504150390625,0.019415855407714844,-0.10918769240379333,-0.14427664875984192
1790621021976400000,0.34339990234375,0.05777263641357422,-0.11098870635032654,-0.14569179713726044
1790621021994762000,0.361761962890625,0.07216930389404297,-0.10318371653556824,-0.12242010235786438
1790621022013118200,0.3801181640625,0.09629344940185547,-0.13847064971923828,-0.10857328027486801
1790621022031473700,0.3984736328125,0.05940532684326172,-0.12737447023391724,0.0360352098941803
1790621022049836000,0.4168359375,-0.030109405517578125,-0.04394352436065674,0.0825086236000061
1790621022068192000,0.43519189453125,-0.1324453353881836,0.05998098850250244,0.07529997825622559
1790621022086557700,0.4535576171875,-0.05849170684814453,0.014170348644256592,0.10130316019058228
1790621022104905500,0.471905517578125,-0.021353721618652344,0.017671048641204834,0.11180824041366577
1790621022123273000,0.49027294921875,-0.08522415161132812,0.06097078323364258,0.12705999612808228
1790621022141632300,0.50863232421875,0.051410675048828125,0.05032610893249512,0.13608795404434204
1790621022159982600,0.526982666015625,0.18127727508544922,-0.010685324668884277,0.10828343033790588
1790621022178344000,0.545343994140625,0.07085704803466797,0.04308289289474487,0.14446988701820374
1790621022196706800,0.563706787109375,-0.10467147827148438,0.14554882049560547,0.1733153909444809
1790621022215063000,0.58206298828125,-0.06641674041748047,0.11435925960540771,0.12756073474884033
1790621022233419800,0.600419677734375,0.10047721862792969,0.10426247119903564,0.1746833473443985
1790621022251781400,0.618781494140625,0.10940170288085938,0.08521395921707153,0.16583570837974548
1790621022270137300,0.637137451171875,-0.1176767349243164,0.09297597408294678,0.09453942626714706
1790621022288491300,0.6554912109375,-0.26447296142578125,0.1235775351524353,0.01804005354642868
1790621022306853000,0.67385302734375,-0.13361549377441406,0.02680349349975586,-0.06975369155406952
1790621022325213700,0.692213623046875,0.1709890365600586,-0.02619832754135132,-0.048381268978118896
1790621022343574800,0.71057470703125,0.3503551483154297,-0.054620325565338135,0.021616071462631226
1790621022361927200,0.72892724609375,0.22638320922851562,-0.1203506588935852,-0.04522654414176941
1790621022380286500,0.747286376953125,-0.05198192596435547,-0.1732313632965088,-0.07859945297241211
1790621022398642000,0.765641845703125,-0.08864307403564453,-0.13879239559173584,-0.06080035865306854
1790621022417006000,0.784006103515625,-0.07281112670898438,-0.08459508419036865,0.12410836666822433
1790621022435360000,0.802360107421875,-0.1195516586303711,-0.016919314861297607,0.08402474969625473
1790621022453724200,0.82072412109375,-0.22934436798095703,-0.1033097505569458,-0.013857394456863403
1790621022472084000,0.839083984375,-0.23289108276367188,-0.03284364938735962,0.05374574661254883
1790621022490428000,0.857427978515625,-0.2180013656616211,0.05503004789352417,0.139003723859787
1790621022508794600,0.875794677734375,-0.26227378845214844,0.031681954860687256,0.06879466772079468
1790621022527166500,0.89416650390625,-0.21988391876220703,0.04732567071914673,0.07858487963676453
1790621022545509600,0.912509521484375,0.024054527282714844,0.024730980396270752,0.06949478387832642
1790621022563870500,0.930870361328125,0.14971637725830078,-0.017708122730255127,0.009467124938964844
1790621022582234400,0.949234375,0.056385040283203125,-0.07649034261703491,-0.03996768593788147
1790621022600584400,0.96758447265625,-0.02335071563720703,-0.09327417612075806,-0.06820474565029144
1790621022618944500,0.985944580078125,-0.014539718627929688,-0.05987578630447388,-0.05761687457561493
1790621022637304600,1.0043046875,0.05428791046142578,0.014443933963775635,0.028285831212997437
1790621022655665000,1.022664794921875,0.12841415405273438,0.006580829620361328,-0.03738471865653992
1790621022674019800,1.041019775390625,-0.043852806091308594,-0.09293025732040405,-0.10882842540740967
1790621022692385300,1.05938525390625,-0.2642345428466797,-0.0229647159576416,-0.13506990671157837
1790621022710737400,1.0777373046875,-0.22390460968017578,0.004217267036437988,-0.09106145799160004
1790621022729096000,1.096095947265625,-0.10233402252197266,0.12464684247970581,0.09267868101596832
1790621022747452200,1.1144521484375,-0.03074359893798828,0.19635933637619019,0.05682601034641266
1790621022765820000,1.13281982421875,0.01986217498779297,0.06656700372695923,-0.03583139181137085
1790621022784161500,1.15116162109375,0.0116424560546875,-0.06487119197845459,-0.09608572721481323
1790621022802528800,1.16952880859375,0.03488636016845703,0.09015041589736938,-0.00013069063425064087
1790621022820888300,1.187888427734375,0.125518798828125,0.17691081762313843,0.15840202569961548
1790621022839246300,1.206246337890625,0.18889713287353516,0.18378257751464844,0.147035151720047
1790621022857602000,1.22460205078125,0.1074371337890625,0.20363718271255493,0.1076696440577507
1790621022875968300,1.24296826171875,-0.0726776123046875,0.1818285584449768,0.08535148203372955
1790621022894326300,1.261326171875,-0.23251724243164062,0.18728607892990112,0.10817661881446838
1790621022912684500,1.2796845703125,-0.16934490203857422,0.20843714475631714,0.1381472498178482
1790621022931038200,1.2980380859375,0.023679733276367188,0.1026352047920227,0.05424823611974716
1790621022949397200,1.316397216796875,0.15616226196289062,-0.02609151601791382,-0.14093586802482605
1790621022967760400,1.334760498046875,0.09009838104248047,0.0036540627479553223,-0.1357797086238861
1790621022986112300,1.3531123046875,-0.21266651153564453,0.14606726169586182,0.05031038820743561
1790621023004471600,1.371471435546875,-0.2482471466064453,0.3084743618965149,0.13690157234668732
1790621023022840000,1.389840087890625,-0.17020416259765625,0.3589128851890564,0.2805311977863312
1790621023041198800,1.40819873046875,-0.22130870819091797,0.3246173858642578,0.19266684353351593
1790621023059545300,1.42654541015625,-0.3368387222290039,0.2673128843307495,0.12222813069820404
1790621023077912000,1.444912109375,-0.23678112030029297,0.23412561416625977,0.012086957693099976
1790621023096267500,1.463267578125,-0.017271995544433594,0.204764723777771,0.028606951236724854
1790621023114627000,1.481626953125,0.2145547866821289,0.19100141525268555,0.03122926503419876
1790621023132981800,1.499981689453125,0.4093179702758789,0.20150667428970337,0.03722946345806122
1790621023151345200,1.51834521484375,0.32730960845947266,0.23021042346954346,0.09337695688009262
1790621023169696800,1.53669677734375,0.06319046020507812,0.2573639750480652,0.04258594661951065
1790621023188054000,1.555053955078125,-0.20331573486328125,0.1846998929977417,-0.1540316939353943
1790621023206422500,1.573422607421875,-0.37668800354003906,0.05796098709106445,-0.35757380723953247
1790621023224775200,1.591775146484375,-0.3900594711303711,-0.010416030883789062,-0.4487196207046509
1790621023243132200,1.610132080078125,-0.3079376220703125,0.12126624584197998,-0.2581647038459778
1790621023261489400,1.628489501953125,-0.2883787155151367,0.3348255157470703,0.057197894901037216
1790621023279849200,1.64684912109375,-0.1890125274658203,0.4323115944862366,0.21473753452301025
1790621023298207500,1.66520751953125,-0.05206489562988281,0.2951872944831848,0.1980234533548355
1790621023316563000,1.68356298828125,0.1568288803100586,0.08949649333953857,-0.019248172640800476
1790621023334928600,1.7019287109375,0.3068809509277344,-0.11210805177688599,-0.2455333024263382
1790621023353287000,1.720286865234375,0.3682136535644531,-0.21605968475341797,-0.3190988004207611
1790621023371646700,1.738646728515625,0.2744102478027344,-0.06914299726486206,-0.05736608803272247
1790621023389996500,1.75699658203125,0.3607511520385742,0.1468946933746338,0.14454013109207153
1790621023408358000,1.77535791015625,0.3620147705078125,0.062200307846069336,0.2579827308654785
1790621023426721000,1.793720947265625,0.17094993591308594,-0.031143546104431152,0.11270242929458618
1790621023445072100,1.812072021484375,-0.1235504150390625,-0.12932980060577393,-0.052294667810201645
1790621023463437300,1.830437255859375,-0.30550193786621094,-0.20030748844146729,-0.1075613796710968
1790621023481796900,1.848796875,-0.4775838851928711,-0.2631797194480896,-0.15980537235736847
1790621023500148700,1.867148681640625,-0.5050172805786133,-0.3222081661224365,-0.2599433660507202
1790621023518510300,1.88551025390625,-0.43279266357421875,-0.41211360692977905,-0.311982661485672
1790621023536865000,1.903864990234375,-0.42534351348876953,-0.3578947186470032,-0.21458138525485992
1790621023555228000,1.922227783203125,-0.495574951171875,-0.0210610032081604,0.21242007613182068
1790621023573582600,1.94058251953125,-0.2588958740234375,0.3069286346435547,0.5079939961433411
1790621023591948300,1.9589482421875,0.0817728042602539,0.2700137495994568,0.6187864542007446
1790621023610299400,1.97729931640625,0.1543560028076172,0.1182660460472107,0.4112774729728699
1790621023628656400,1.995656494140625,0.029216766357421875,-0.023890256881713867,0.05561034381389618
1790621023647017500,2.014017578125,-0.07287979125976562,-0.176688551902771,-0.16499632596969604
1790621023665378800,2.03237890625,0.030294418334960938,-0.16303002834320068,-0.12839870154857635
1790621023683738600,2.050738525390625,0.0015344619750976562,-0.034205615520477295,0.17001600563526154
1790621023702091500,2.069091552734375,-0.2088155746459961,0.034033775329589844,0.17279885709285736
1790621023720451300,2.087451416015625,-0.24135684967041016,-0.061887383460998535,-0.028607860207557678
1790621023738808800,2.105808837890625,0.21892452239990234,-0.23440515995025635,-0.2855164408683777
1790621023757162200,2.124162353515625,0.4202604293823242,-0.4300825297832489,-0.25015291571617126
1790621023775525000,2.142525146484375,0.2736473083496094,-0.3553633689880371,-0.31125879287719727
1790621023793888800,2.160888671875,0.14879608154296875,-0.25038230419158936,0.03762906789779663
1790621023812250000,2.17925,0.15116405487060547,-0.053663671016693115,0.2267637997865677
1790621023830599200,2.19759912109375,-0.030963897705078125,-0.006670534610748291,0.39885205030441284
1790621023848958500,2.21595849609375,-0.15988445281982422,0.06935852766036987,0.3102450966835022
1790621023867317200,2.234317138671875,0.0482025146484375,0.03785437345504761,0.2377759963274002
1790621023885679900,2.252679931640625,0.2630472183227539,0.029506206512451172,0.2511330246925354
1790621023904033500,2.271033447265625,0.2236642837524414,0.1312006711959839,0.2965424358844757
1790621023922399200,2.289399169921875,0.07497215270996094,0.1932978630065918,0.32013291120529175
1790621023940750800,2.307750732421875,0.029628753662109375,0.2655266523361206,0.4467254877090454
1790621023959108400,2.3261083984375,-0.3383951187133789,0.2640336751937866,0.430240273475647
1790621023977474300,2.344474365234375,-0.7498922348022461,0.31395256519317627,0.07871575653553009
1790621023995831300,2.362831298828125,-0.8416852951049805,0.40096479654312134,0.004320859909057617
1790621024014186200,2.381186279296875,-0.6169099807739258,0.4693475365638733,0.2773338854312897
1790621024032543200,2.399543212890625,-0.3140134811401367,0.5868796706199646,0.5057796239852905
1790621024050903000,2.417903076171875,0.14411258697509766,0.5450970530509949,0.47920382022857666
1790621024069258800,2.4362587890625,0.3776721954345703,0.4292573928833008,0.30471092462539673
1790621024087618000,2.4546181640625,0.24945449829101562,0.3097911477088928,0.08815313875675201
1790621024105982500,2.472982421875,0.053582191467285156,0.2304013967514038,-0.005292370915412903
1790621024124340200,2.49134033203125,0.05444526672363281,0.2398754358291626,-0.01057484745979309
1790621024142694000,2.50969384765625,0.11777973175048828,0.19903600215911865,0.07899734377861023
1790621024161059000,2.52805908203125,0.0282440185546875,0.08892768621444702,-0.08361481130123138
1790621024179411000,2.546410888671875,-0.13308429718017578,-0.17050594091415405,-0.29531174898147583
1790621024197774000,2.564774169921875,0.05457115173339844,-0.35946327447891235,-0.4000929892063141
1790621024216126000,2.5831259765625,0.3270530700683594,-0.3424259424209595,-0.3390600085258484
1790621024234491600,2.60149169921875,0.28060054779052734,-0.27944570779800415,-0.28990602493286133
1790621024252846300,2.619846435546875,0.19780445098876953,-0.30622345209121704,-0.2256147861480713
1790621024271201000,2.638200927734375,0.19126510620117188,-0.25841253995895386,-0.14160802960395813
1790621024289564700,2.656564697265625,-0.39102935791015625,-0.11768817901611328,0.07059013843536377
1790621024307923200,2.674923095703125,-0.8705310821533203,-0.09159409999847412,0.003531813621520996
1790621024326283800,2.69328369140625,-0.5063638687133789,-0.20268511772155762,-0.16320347785949707
1790621024344635100,2.71163525390625,-0.2693185806274414,-0.2312159538269043,-0.15161776542663574
1790621024363001300,2.73000146484375,-0.21341323852539062,0.0682440996170044,-0.34791019558906555
1790621024381358800,2.74835888671875,-0.12164592742919922,0.12499040365219116,-0.44740331172943115
1790621024399710500,2.76671044921875,0.19444751739501953,-0.018824636936187744,-0.17063826322555542
1790621024418071600,2.785071533203125,0.7602167129516602,-0.14369845390319824,0.21295922994613647
1790621024436434000,2.803433837890625,1.0158329010009766,-0.18814736604690552,0.5013759732246399
1790621024454791000,2.821791015625,0.9069051742553711,-0.04352802038192749,0.5167708396911621
1790621024473156400,2.84015625,0.035213470458984375,0.044094860553741455,0.25730299949645996
1790621024491510800,2.8585107421875,-0.7919683456420898,0.06980139017105103,-0.0924864411354065
1790621024509863000,2.87686279296875,-0.6750631332397461,0.2142999768257141,-0.4112502336502075
1790621024528219400,2.895219482421875,0.0010881423950195312,0.03216862678527832,-0.34036776423454285
1790621024546571800,2.91357177734375,0.6811351776123047,-0.16217690706253052,-0.05220586061477661
1790621024564944100,2.931944091796875,0.7848262786865234,-0.17043820023536682,0.022640645503997803
1790621024583302000,2.950302001953125,0.47915077209472656,-0.24887067079544067,-0.0765032172203064
1790621024601656000,2.968656005859375,-0.005471229553222656,-0.2558079659938812,-0.3589109778404236
1790621024620013000,2.987012939453125,-0.2561483383178711,0.003216266632080078,-0.20433861017227173
1790621024638371000,3.00537109375,-0.25983524322509766,0.3745262026786804,0.31125926971435547
1790621024656734000,3.02373388671875,-0.43421268463134766,0.3544664978981018,0.31706440448760986
1790621024675094500,3.042094482421875,-0.4030189514160156,0.06006896495819092,-0.1844879388809204
1790621024693452300,3.060452392578125,-0.010997772216796875,-0.24534130096435547,-0.2985905408859253
1790621024711811800,3.078811767578125,0.23939228057861328,-0.2944045066833496,-0.0668444037437439
1790621024730159900,3.097159912109375,-0.013848304748535156,-0.09605652093887329,0.059058547019958496
1790621024748515600,3.115515625,-0.24419021606445312,0.08258253335952759,-0.05990570783615112
1790621024766974000,3.133973876953125,-0.32179832458496094,-0.04608339071273804,0.05619633197784424
1790621024785446100,3.152446044921875,0.011684417724609375,-0.018462836742401123,0.04525125026702881
1790621024803888000,3.17088818359375,0.3316640853881836,-0.00047129392623901367,0.008803248405456543
1790621024822067500,3.1890673828125,0.26668548583984375,-0.07539975643157959,-0.09468072652816772
1790621024840512000,3.207511962890625,0.0016450881958007812,-0.014216423034667969,-0.10756176710128784
1790621024858877700,3.225877685546875,0.014525413513183594,0.16677993535995483,0.040814101696014404
1790621024877233000,3.24423291015625,0.014140129089355469,0.18827050924301147,0.1290079951286316
1790621024895373300,3.262373291015625,-0.3714313507080078,0.11575579643249512,0.2248205542564392
1790621024913953500,3.28095361328125,-0.30013084411621094,0.15348690748214722,0.26566123962402344
1790621024932100900,3.299100830078125,0.015398979187011719,0.07017892599105835,0.2702941298484802
1790621024950461700,3.317461669921875,0.12852096557617188,-0.10796666145324707,-0.13516885042190552
1790621024968817700,3.335817626953125,0.014406204223632812,-0.2087801694869995,-0.32628148794174194
1790621024987391000,3.354390869140625,-0.07460212707519531,0.015445709228515625,-0.22954168915748596
1790621025005748200,3.372748291015625,-0.04948234558105469,0.23401010036468506,0.08741486072540283
1790621025023989000,3.390989013671875,0.07668018341064453,0.4820704460144043,0.40614670515060425
1790621025042476500,3.4094765625,0.07208633422851562,0.5241430997848511,0.42420101165771484
1790621025060837600,3.427837646484375,-0.23595142364501953,0.42534101009368896,0.11878931522369385
1790621025079057000,3.446056884765625,-0.36428356170654297,0.24390017986297607,-0.0993453860282898
1790621025097498600,3.46449853515625,-0.12862491607666016,0.10482323169708252,-0.15449386835098267
1790621025115878400,3.48287841796875,0.0876007080078125,0.01362144947052002,-0.16707301139831543
1790621025134049500,3.501049560546875,-0.041413307189941406,0.025166869163513184,-0.19954419136047363
1790621025152665000,3.5196650390625,-0.538238525390625,0.10211646556854248,-0.1358022689819336
1790621025170706200,3.5377060546875,-0.7647628784179688,0.20631802082061768,-0.1236620545387268
1790621025188781000,3.555781005859375,-0.7455711364746094,0.1754448413848877,0.11589288711547852
1790621025207484400,3.574484375,-0.5076847076416016,0.13278913497924805,0.12163597345352173
1790621025226028800,3.59302880859375,0.0854501724243164,0.04147660732269287,-0.04286429286003113
1790621025244408800,3.611408935546875,0.47838306427001953,0.026315808296203613,-0.15255290269851685
1790621025262553900,3.629553955078125,0.32373905181884766,0.05808258056640625,-0.13316714763641357
1790621025281127200,3.648127197265625,-0.14692020416259766,0.18151825666427612,0.13094821572303772
1790621025299484000,3.66648388671875,-0.39011478424072266,0.33314400911331177,0.2710045874118805
1790621025317895200,3.684895263671875,-0.28553199768066406,0.26337236166000366,0.1081300675868988
1790621025335888100,3.70288818359375,-0.001163482666015625,0.003764510154724121,-0.2397235929965973
1790621025353974300,3.720974365234375,0.24321746826171875,-0.18962585926055908,-0.5402076840400696
1790621025372608000,3.73960791015625,0.4833793640136719,-0.22707796096801758,-0.5897823572158813
1790621025391166200,3.758166259765625,0.6244640350341797,-0.12913787364959717,-0.38157588243484497
1790621025409528800,3.77652880859375,0.482574462890625,-0.00183868408203125,-0.10610425472259521
1790621025427985400,3.7949853515625,0.1395282745361328,0.13148558139801025,0.07937955856323242
1790621025446215700,3.813215576171875,-0.12514495849609375,0.09479916095733643,0.09575557708740234
1790621025464530700,3.83153076171875,0.020400047302246094,0.07723450660705566,0.040290117263793945
1790621025483090000,3.85008984375,0.28036022186279297,0.21393990516662598,0.1732812523841858
1790621025501426400,3.868426513671875,0.0431671142578125,0.22394323348999023,0.2316843867301941
1790621025519577600,3.88657763671875,-0.19859790802001953,0.2721679210662842,0.184159517288208
1790621025538143700,3.905143798828125,-0.0555419921875,0.16332793235778809,0.06298947334289551
1790621025556501800,3.923501708984375,0.048453330993652344,0.041413187980651855,-0.00796043872833252
1790621025574916900,3.941916748046875,-0.19113922119140625,0.09131383895874023,0.12152409553527832
1790621025593099500,3.960099609375,-0.28035449981689453,0.2044539451599121,0.1704687476158142
1790621025611102700,3.978102783203125,-0.05025196075439453,0.22077274322509766,0.2693291902542114
1790621025629476600,3.9964765625,0.07033061981201172,0.08492743968963623,0.1106000542640686
1790621025648202000,4.015201904296875,0.026810646057128906,-0.021094322204589844,0.06590193510055542
1790621025666590500,4.033590576171875,-0.013762474060058594,0.17495954036712646,0.3345540761947632
1790621025685027600,4.052027587890625,-0.004485130310058594,0.2705477476119995,0.5511190891265869
1790621025703386000,4.07038623046875,-0.2844839096069336,0.18237698078155518,0.48957210779190063
1790621025721705000,4.088705078125,-0.22144508361816406,0.00796055793762207,0.22027045488357544
1790621025740102000,4.107101806640625,0.2101278305053711,-0.17706739902496338,-0.03499925136566162
1790621025758460000,4.1254599609375,0.7707386016845703,-0.246504545211792,-0.44773584604263306
1790621025776489700,4.14348974609375,0.8129405975341797,-0.23662805557250977,-0.5412683486938477
1790621025794927900,4.161927978515625,0.2474079132080078,-0.07789731025695801,-0.2842918634414673
1790621025813551900,4.1805517578125,-0.4038877487182617,0.17621874809265137,-0.06920546293258667
1790621025831895800,4.198895751953125,-1.0679941177368164,0.3237457275390625,0.19249427318572998
1790621025850119000,4.217118896484375,-1.0183076858520508,0.25466394424438477,-0.02359384298324585
1790621025868704300,4.235704345703125,-0.21448135375976562,-0.08994734287261963,-0.34150582551956177
1790621025886746600,4.25374658203125,0.48786258697509766,-0.16798615455627441,-0.41665226221084595
1790621025905103000,4.27210302734375,0.40512561798095703,-0.0755467414855957,-0.15374070405960083
1790621025923677200,4.29067724609375,-0.11041831970214844,0.07006752490997314,0.026376068592071533
1790621025942048000,4.309048095703125,-0.43402957916259766,0.038343191146850586,0.01815187931060791
1790621025960401000,4.32740087890625,-0.3959980010986328,-0.13640117645263672,-0.18780207633972168
1790621025978630000,4.3456298828125,-0.26139259338378906,-0.2485896348953247,-0.1619178056716919
1790621025997092000,4.364092041015625,-0.12479877471923828,-0.23076629638671875,-0.032976627349853516
1790621026015461000,4.382461181640625,-0.045187950134277344,-0.22458958625793457,-0.01903092861175537
1790621026033629400,4.40062939453125,0.05175590515136719,-0.24532532691955566,-0.12631648778915405
1790621026052076000,4.419075927734375,0.013955116271972656,-0.25099265575408936,-0.5207400321960449
1790621026070534000,4.437533935546875,-0.19557857513427734,-0.2665926218032837,-0.5616257190704346
1790621026088690200,4.455690185546875,-0.37570762634277344,-0.1525866985321045,-0.30085816979408264
1790621026107247400,4.474247314453125,-0.26062965393066406,-0.030103087425231934,-0.0147513747215271
1790621026125605600,4.492605712890625,0.09439849853515625,0.011842608451843262,0.11035090684890747
1790621026143963400,4.51096337890625,0.2709484100341797,0.03165936470031738,0.23089855909347534
1790621026162120400,4.529120361328125,0.3874177932739258,-0.04050850868225098,0.3835853338241577
1790621026180678100,4.54767822265625,0.4242429733276367,-0.09194338321685791,0.25350773334503174
1790621026199055000,4.56605517578125,-0.3752708435058594,-0.23682105541229248,0.21459460258483887
1790621026217384400,4.584384521484375,-0.6507663726806641,0.19661998748779297,0.3216097354888916
1790621026235743000,4.602742919921875,-0.43871307373046875,0.47237980365753174,0.5374531745910645
1790621026254118000,4.621117919921875,-0.5180864334106445,0.39395463466644287,0.44542670249938965
1790621026272491500,4.639491455078125,-0.5618906021118164,0.18952977657318115,0.22022724151611328
1790621026290632000,4.6576318359375,-0.4229402542114258,0.10251963138580322,0.0626993179321289
1790621026308615200,4.675615234375,-0.1585378646850586,0.10763144493103027,-0.11907517910003662
1790621026327128000,4.694128173828125,0.02630901336669922,0.060837507247924805,-0.2096918225288391
1790621026345852400,4.712852294921875,-0.02867412567138672,0.15684187412261963,-0.14180147647857666
1790621026364217900,4.7312177734375,-0.23839187622070312,0.2624727487564087,0.07880210876464844
1790621026382693400,4.749693359375,-0.11060237884521484,0.3390986919403076,0.21294575929641724
1790621026400988000,4.76798779296875,0.2128887176513672,0.2592909336090088,0.401469886302948
1790621026419233500,4.786233642578125,0.389404296875,0.14628005027770996,0.24671441316604614
1790621026437500700,4.804500732421875,0.7876129150390625,-0.08209192752838135,-0.10627275705337524
1790621026456049700,4.823049560546875,1.1017675399780273,-0.15684270858764648,-0.27659016847610474
1790621026474424000,4.841424072265625,0.8556957244873047,-0.18122196197509766,-0.15958601236343384
1790621026492758800,4.8597587890625,0.07567882537841797,-0.2321561574935913,-0.2106601595878601
1790621026511140400,4.878140380859375,-0.5330123901367188,-0.24807751178741455,-0.37246477603912354
1790621026529543200,4.896543212890625,-0.6307439804077148,-0.19989418983459473,-0.04370361566543579
1790621026547751200,4.914751220703125,-0.45540428161621094,-0.06874573230743408,0.4084935784339905
1790621026566199800,4.93319970703125,-0.38724613189697266,-0.08086323738098145,0.24102431535720825
1790621026584574700,4.95157470703125,-0.19933700561523438,-0.3391134738922119,-0.26202672719955444
1790621026602933800,4.969933837890625,0.21912193298339844,-0.6635528206825256,-0.5303572416305542
1790621026620868600,4.98786865234375,0.3365917205810547,-0.5548938512802124,-0.6173848509788513
1790621026639218700,5.00621875,0.10317802429199219,-0.3496411442756653,-0.46703019738197327
1790621026657945900,5.02494580078125,-0.2620725631713867,-0.18849623203277588,-0.1559733748435974
1790621026676158700,5.04315869140625,-0.5664882659912109,-0.12991595268249512,-0.028361260890960693
1790621026694696700,5.06169677734375,-0.6590156555175781,-0.15283405780792236,-0.06857585906982422
1790621026713079600,5.08007958984375,-0.6861095428466797,-0.20075464248657227,-0.014888226985931396
1790621026731234000,5.098234130859375,-0.8375930786132812,-0.25157105922698975,0.08708900213241577
1790621026749177000,5.116177001953125,-0.6396970748901367,-0.3543121814727783,0.21319139003753662
1790621026767609300,5.134609375,-0.13221454620361328,-0.2817636728286743,0.45189809799194336
1790621026786335200,5.153335205078125,0.21091175079345703,-0.10424661636352539,0.6618878841400146
1790621026804575000,5.171574951171875,0.16919898986816406,-0.1421053409576416,0.39180004596710205
1790621026822995000,5.189994873046875,0.0046977996826171875,-0.27458488941192627,0.1469714641571045
1790621026841476000,5.20847607421875,0.22896862030029297,-0.4150508642196655,-0.2853614091873169
1790621026859743500,5.226743408203125,0.5556516647338867,-0.5251714587211609,-0.6647666692733765
1790621026878176800,5.2451767578125,0.7241182327270508,-0.5043100118637085,-0.5287503004074097
1790621026896669000,5.2636689453125,0.49055004119873047,-0.24985313415527344,-0.19008779525756836
1790621026915115500,5.282115478515625,0.22251129150390625,-0.07177174091339111,0.29377758502960205
1790621026933085000,5.3000849609375,0.30023193359375,-0.09483051300048828,0.6167453527450562
1790621026951356700,5.318356689453125,0.40180015563964844,-0.10577833652496338,0.4745750427246094
1790621026970041300,5.337041259765625,0.16805553436279297,-0.396335244178772,0.21046829223632812
1790621026988252400,5.35525244140625,-0.11847400665283203,-0.5895621180534363,-0.2795666456222534
1790621027006717700,5.3737177734375,-0.14928340911865234,-0.5377558469772339,-0.18219971656799316
1790621027025163000,5.3921630859375,-0.07857990264892578,-0.4382462501525879,0.26825594902038574
1790621027043537400,5.410537353515625,0.21041202545166016,-0.23454856872558594,0.33421599864959717
1790621027061418000,5.42841796875,0.5093059539794922,-0.26718997955322266,0.19777238368988037
1790621027079718400,5.446718505859375,0.5229759216308594,-0.3147914409637451,-0.13185620307922363
1790621027098442800,5.46544287109375,0.6361093521118164,-0.5149962902069092,-0.12422788143157959
1790621027116967700,5.4839677734375,0.6803789138793945,-0.5905886292457581,-0.17180323600769043
1790621027135323600,5.50232373046875,0.6155014038085938,-0.5877223014831543,-0.2067577838897705
1790621027153675800,5.52067578125,0.057824134826660156,-0.2635830044746399,-0.10667538642883301
1790621027172035800,5.539035888671875,-0.7424278259277344,-0.05873465538024902,-0.01966226100921631
1790621027190272500,5.5572724609375,-0.8868980407714844,-0.21084731817245483,-0.08809667825698853
1790621027208759800,5.575759765625,-0.6747303009033203,-0.3008348345756531,-0.3340088725090027
1790621027227066600,5.594066650390625,-0.2575206756591797,-0.3859882354736328,-0.29260021448135376
1790621027245474000,5.61247412109375,0.13483047485351562,-0.2903609275817871,-0.00557941198348999
1790621027263816400,5.63081640625,0.17356204986572266,-0.0978999137878418,0.17987757921218872
1790621027281952000,5.648951904296875,-0.7380895614624023,0.10917937755584717,0.3838857412338257
1790621027300431400,5.667431396484375,-1.0181970596313477,0.1087304949760437,0.5142598748207092
1790621027318797800,5.6857978515625,-0.7044687271118164,0.3504253029823303,0.7340836524963379
1790621027337273300,5.7042734375,-0.2625617980957031,0.5043312907218933,0.9475749135017395
1790621027355627800,5.722627685546875,-0.19292449951171875,0.5351592302322388,0.8374001383781433
1790621027373789200,5.7407890625,-0.4735107421875,0.2539617419242859,0.6774113774299622
1790621027392136400,5.759136474609375,-0.48218345642089844,0.10719585418701172,0.03439205884933472
1790621027410704000,5.777703857421875,0.009316444396972656,-0.12007752060890198,-0.5412856340408325
1790621027429061600,5.7960615234375,0.7477340698242188,-0.44430112838745117,-0.7250120043754578
1790621027447325400,5.814325439453125,1.3232917785644531,-0.4617542028427124,-0.8903074860572815
1790621027465761300,5.83276123046875,1.3113994598388672,-0.3732738792896271,-0.762620210647583
1790621027484138200,5.85113818359375,0.3767538070678711,-0.44668135046958923,-0.4134296774864197
1790621027502287600,5.86928759765625,-0.8115110397338867,-0.29578614234924316,-0.09514981508255005
1790621027520855300,5.887855224609375,-1.1331090927124023,0.098163902759552,0.014341473579406738
1790621027539238100,5.906238037109375,-0.48839664459228516,0.407757431268692,0.08262848854064941
1790621027557566200,5.924566162109375,0.3771238327026367,0.2744365334510803,0.35218656063079834
1790621027575708200,5.942708251953125,0.5234508514404297,-0.05005878210067749,0.42166149616241455
1790621027594271700,5.961271728515625,0.5695114135742188,-0.1852537989616394,-0.09809994697570801
1790621027612678000,5.979677978515625,0.12859725952148438,-0.3127586245536804,-0.07351279258728027
1790621027630798600,5.997798583984375,-0.1916942596435547,-0.09542223811149597,0.08442497253417969
1790621027649363500,6.016363525390625,-0.1715984344482422,0.21078741550445557,0.2506211996078491
1790621027667515400,6.034515380859375,-0.2336587905883789,0.46869099140167236,0.47021663188934326
1790621027686066200,6.053066162109375,-0.2601346969604492,0.6761243343353271,0.58754962682724
1790621027704409000,6.0714091796875,-0.2694244384765625,0.499399870634079,0.33763277530670166
1790621027722794500,6.08979443359375,-0.2378520965576172,0.15897324681282043,-0.22417289018630981
1790621027741151500,6.1081513671875,0.019989967346191406,-0.27274754643440247,-0.6308911442756653
1790621027759306800,6.126306640625,0.15203475952148438,-0.4746840000152588,-0.3013840913772583
1790621027777859000,6.144859130859375,0.2977609634399414,-0.1671351194381714,-0.07261598110198975
1790621027796221000,6.163220947265625,0.10694217681884766,0.10722824931144714,-0.014193892478942871
1790621027814590200,6.181590087890625,-0.1003713607788086,0.10682347416877747,0.16488146781921387
1790621027832923000,6.1999228515625,0.04268836975097656,0.013227343559265137,0.0475538969039917
1790621027851306200,6.21830615234375,0.48941612243652344,-0.12191152572631836,-0.1286640167236328
1790621027869662700,6.236662841796875,0.3199481964111328,-0.14064887166023254,-0.04902982711791992
1790621027887815400,6.2548154296875,-0.15293312072753906,-0.1273573637008667,0.2856296896934509
1790621027906454300,6.273454345703125,-0.7195663452148438,0.012744009494781494,0.11973452568054199
1790621027924723500,6.291723388671875,-0.8261070251464844,0.15891700983047485,0.07698482275009155
1790621027943086600,6.310086669921875,-0.2582998275756836,-0.30436378717422485,0.024590909481048584
1790621027961440800,6.328440673828125,0.19560718536376953,-0.5198692679405212,-0.44174009561538696
1790621027979801000,6.346801025390625,-0.060821533203125,-0.46717679500579834,-0.17328888177871704
1790621027997972700,6.36497265625,-0.4388875961303711,-0.007572174072265625,-0.24186021089553833
1790621028016328400,6.383328369140625,-0.5489635467529297,0.1605178415775299,0.1184421181678772
1790621028034687200,6.401687255859375,-0.08870601654052734,0.21474099159240723,0.27761393785476685
1790621028053054000,6.420053955078125,0.6595897674560547,0.05119022727012634,0.2793833017349243
